,targetname,datetime_jd,datetime_str,x,y,z,vx,vy,vz,lighttime,range,range_rate
0,Earth (399),2460911.843889222,A.D. 2025-Aug-24 08:15:12.0288,0.8849266735074625,-0.4889228751713097,2.410744671760009e-05,0.008043350679076905,0.0150009056458673,-2.88957512718906e-07,0.005839105576709996,1.011009790225561,-0.0002141525901338537
1,Earth (399),2460911.845048222,A.D. 2025-Aug-24 08:16:52.1664,0.8849359955796677,-0.4889054890273519,2.410711181790132e-05,0.008043055205402353,0.01500106841240726,-2.889538621925429e-07,0.005839104143192273,1.011009542019661,-0.0002141578495283906
2,Earth (399),2460911.846213222,A.D. 2025-Aug-24 08:18:32.8224,0.8849453655659776,-0.4888880126873489,2.410677518878164e-05,0.008042758198670294,0.01500123201540209,-2.88950236952324e-07,0.005839102702217926,1.011009292522687,-0.0002141631359451768
3,Earth (399),2460911.847377222,A.D. 2025-Aug-24 08:20:13.3920,0.8849547271638082,-0.4888705511581533,2.410643885280862e-05,0.008042461443449007,0.01500139547178955,-2.889466590670706e-07,0.005839101262444942,1.011009043233723,-0.00021416841761893
4,Earth (399),2460911.848536222,A.D. 2025-Aug-24 08:21:53.5296,0.8849640482053946,-0.4888531644464771,2.410610396566047e-05,0.008042165959542276,0.01500155821991163,-2.889431404878639e-07,0.005839099828821272,1.011008795009479,-0.0002141736764010719
5,Earth (399),2460911.849700222,A.D. 2025-Aug-24 08:23:34.0992,0.8849734091138551,-0.4888357025375865,2.410576763788022e-05,0.008041869197477913,0.01500172166397957,-2.889396508522484e-07,0.005839098388977431,1.011008545708246,-0.0002141789576649671
6,Earth (399),2460911.850864222,A.D. 2025-Aug-24 08:25:14.6688,0.8849827696768825,-0.4888182404384505,2.41054313141341e-05,0.008041572431984993,0.0150018851018744,-2.889362054353248e-07,0.005839096949098086,1.011008296400866,-0.0002141842387233758
7,Earth (399),2460911.852026222,A.D. 2025-Aug-24 08:26:55.0656,0.8849921138119262,-0.4888008081531638,2.410509557229855e-05,0.008041276172978767,0.01500204825279089,-2.889328100356601e-07,0.005839095511657349,1.011008047515717,-0.0002141895105027605
8,Earth (399),2460911.853185222,A.D. 2025-Aug-24 08:28:35.2032,0.8850014334797649,-0.4887834206849495,2.41047607011126e-05,0.008040980675438066,0.01500221097636318,-2.889294672929772e-07,0.005839094077892491,1.011007799267028,-0.0002141947684675489
9,Earth (399),2460911.854347222,A.D. 2025-Aug-24 08:30:15.6000,0.8850107769271837,-0.4887659880210036,2.410442496697179e-05,0.008040684409608248,0.01500237411499135,-2.889261598977527e-07,0.005839092640381089,1.011007550369644,-0.0002142000398374949
10,Earth (399),2460911.929312222,A.D. 2025-Aug-24 10:18:12.5760,0.8856128302409091,-0.4876409408812877,2.408277127284595e-05,0.008021563975885162,0.01501288579846725,-2.888057838500765e-07,0.005838999826404389,1.010991480127741,-0.0002145396788047644
11,Earth (399),2460911.930474222,A.D. 2025-Aug-24 10:19:52.9728,0.885622151125993,-0.4876234958134327,2.408243568079611e-05,0.008021267486756753,0.01501304853389617,-2.888053577220714e-07,0.005838998386578285,1.010991230829579,-0.0002145449365706484
12,Earth (399),2460911.931634222,A.D. 2025-Aug-24 10:21:33.1968,0.8856314556246061,-0.4876060805829163,2.408210066679703e-05,0.008020971504544856,0.01501321098308879,-2.888049761113043e-07,0.005838996949195176,1.010990981954409,-0.0002145501850772988
13,Earth (399),2460911.932798222,A.D. 2025-Aug-24 10:23:13.7664,0.8856407918625788,-0.487588605110466,2.408176449799132e-05,0.008020674498298233,0.01501337398628371,-2.888046371577605e-07,0.005838995506820229,1.010990732214928,-0.0002145554514715422
14,Earth (399),2460911.933959222,A.D. 2025-Aug-24 10:24:54.0768,0.8856501036937028,-0.4875711744888898,2.408142919602519e-05,0.00802037825413272,0.01501353656321318,-2.888043429533153e-07,0.005838994068127474,1.010990483113,-0.0002145607040822713
15,Earth (399),2460911.935124222,A.D. 2025-Aug-24 10:26:34.7328,0.8856594472612122,-0.4875536836237662,2.408109273907813e-05,0.008020080985903663,0.01501369969409182,-2.888040917785067e-07,0.005838992624442583,1.01099023314671,-0.0002145659745786292
16,Earth (399),2460911.936285222,A.D. 2025-Aug-24 10:28:15.0432,0.8856687584032643,-0.4875362526240504,2.408075743765985e-05,0.008019784734938242,0.01501386225870747,-2.888038853548485e-07,0.00583899118567927,1.010989984032564,-0.0002145712267682824
17,Earth (399),2460911.937449222,A.D. 2025-Aug-24 10:29:55.6128,0.8856780932598292,-0.4875187763935295,2.408042127004944e-05,0.008019487715059588,0.01501402523721644,-2.888037223773553e-07,0.005838989743162866,1.010989734268592,-0.0002145764923183784
18,Earth (399),2460911.938613222,A.D. 2025-Aug-24 10:31:36.1824,0.885687427770661,-0.4875012999733053,2.408008510258844e-05,0.008019190691769845,0.0150141882095471,-2.888036034379899e-07,0.005838988300611067,1.01098948449849,-0.0002145817576570082
19,Earth (399),2460911.939773222,A.D. 2025-Aug-24 10:33:16.4064,0.8856967298601781,-0.4874838834207901,2.407975009050682e-05,0.00801889468578542,0.01501435061568883,-2.888035287132125e-07,0.005838986862981278,1.010989235580608,-0.0002145870046912435
20,Earth (399),2460911.944362222,A.D. 2025-Aug-24 10:39:52.8960,0.8857335258809589,-0.4874149810917249,2.407842477105727e-05,0.008017723642700241,0.01501499303983301,-2.888036617468306e-07,0.005838981175323657,1.010988250793219,-0.000214607760078601
21,Earth (399),2460911.945525222,A.D. 2025-Aug-24 10:41:33.3792,0.8857428503209691,-0.4873975185601613,2.407808889226057e-05,0.008017426854350375,0.01501515583549292,-2.888038041410517e-07,0.00583897973380116,1.010988001201336,-0.0002146130196374376
22,Earth (399),2460911.946690222,A.D. 2025-Aug-24 10:43:14.0352,0.8857521904500779,-0.4873800258086214,2.407775243576174e-05,0.008017129552203808,0.01501531890492701,-2.88803990836039e-07,0.005838978289764271,1.010987751174099,-0.0002146182880289079
23,Earth (399),2460911.947850222,A.D. 2025-Aug-24 10:44:54.2592,0.8857614901486596,-0.4873626079445241,2.407741742295796e-05,0.008016833522639075,0.01501548126834255,-2.888042205380925e-07,0.005838976851889746,1.010987502213842,-0.0002146235335981691
24,Earth (399),2460911.949014222,A.D. 2025-Aug-24 10:46:34.8288,0.8857708215699936,-0.4873451298295118,2.40770812547499e-05,0.008016536468879544,0.01501564418546368,-2.888044949676999e-07,0.005838975409021708,1.010987252388986,-0.0002146287970438091
25,Earth (399),2460911.950172222,A.D. 2025-Aug-24 10:48:14.8800,0.8857801045481184,-0.4873277416196997,2.4076746818951e-05,0.008016240942942338,0.01501580625667465,-2.888048116564691e-07,0.005838973973556024,1.010987003845807,-0.0002146340331476883
26,Earth (399),2460911.951332222,A.D. 2025-Aug-24 10:49:55.1040,0.8857894032159074,-0.4873103231902852,2.407641180515114e-05,0.00801594490321554,0.01501596860166992,-2.888051725577745e-07,0.005838972535576015,1.010986754867287,-0.0002146392780842462
27,Earth (399),2460911.952492222,A.D. 2025-Aug-24 10:51:35.3280,0.8857987015402882,-0.4872929045725542,2.407607679095284e-05,0.008015648860103796,0.0150161309405285,-2.888055771627538e-07,0.005838971097560866,1.010986505882682,-0.0002146445228098667
28,Earth (399),2460911.953656222,A.D. 2025-Aug-24 10:53:15.8976,0.8858080315826784,-0.4872754257013169,2.407574062095184e-05,0.008015351792751103,0.0150162938330079,-2.888060270913536e-07,0.005838969654551725,1.010986256033394,-0.0002146497854086436
29,Earth (399),2460911.954822222,A.D. 2025-Aug-24 10:54:56.6400,0.8858173773093727,-0.4872579166075933,2.407540387285027e-05,0.008015054211557258,0.01501645699917584,-2.888065219065267e-07,0.005838968209027719,1.010986005748672,-0.0002146550568365855
30,Earth (399),2460912.799143222,A.D. 2025-Aug-25 07:10:45.9744,0.8924934374224806,-0.4745297870229209,2.382818216358909e-05,0.007798687307702902,0.01513297675660646,-3.005635593448547e-07,0.005837912256950675,1.01080317331417,-0.000218411464952642
31,Earth (399),2460912.801127222,A.D. 2025-Aug-25 07:13:37.3920,0.8925089095117109,-0.4744997629292532,2.382758579202824e-05,0.007798176841788007,0.01513324671053326,-3.006174765424392e-07,0.005837909754205173,1.01080273997722,-0.0002184201384557057
32,Earth (399),2460912.803440222,A.D. 2025-Aug-25 07:16:57.2352,0.8925269460064922,-0.474464759365645,2.382689039095577e-05,0.007797581715143464,0.01513356140719478,-3.006804868054777e-07,0.005837906836312391,1.010802234759746,-0.0002184302492896444
33,Earth (399),2460912.806149222,A.D. 2025-Aug-25 07:20:51.2928,0.8925480687112235,-0.4744237620486101,2.382607574734612e-05,0.007796884682832489,0.0151339299506593,-3.0075449306225e-07,0.005837903418686478,1.010801643016162,-0.0002184420898373339
34,Earth (399),2460912.807876222,A.D. 2025-Aug-25 07:23:20.5056,0.8925615335473602,-0.4743976255487162,2.382555630350232e-05,0.007796440312351135,0.01513416488123545,-3.00801789630807e-07,0.005837901239837496,1.010801265760155,-0.0002184496374952491
35,Earth (399),2460913.798266222,A.D. 2025-Aug-26 07:09:30.2016,0.9001564741528604,-0.4593429302057977,2.35093627776592e-05,0.007540452019130302,0.01526663233951381,-3.424815866420842e-07,0.005836639516513708,1.010582805138722,-0.0002226763972778555
36,Earth (399),2460913.799423222,A.D. 2025-Aug-26 07:11:10.1664,0.9001651982820811,-0.4593252666241844,2.350896648878484e-05,0.007540151645956472,0.01526678444977658,-3.425466715805618e-07,0.005836638028512771,1.010582547499346,-0.0002226812099991044
37,Earth (399),2460913.800588222,A.D. 2025-Aug-26 07:12:50.8224,0.9001739823825714,-0.4593074807310835,2.350856738376508e-05,0.007539849192817113,0.0152669376055583,-3.426122436961493e-07,0.005836636530190654,1.010582288072914,-0.0002226860556886299
38,Earth (399),2460913.801754222,A.D. 2025-Aug-26 07:14:31.5648,0.9001827736702517,-0.4592896793924631,2.35081678596193e-05,0.007539546476991937,0.01526709088653726,-3.426779094187913e-07,0.00583663503054978,1.010582028418145,-0.000222690905227071
39,Earth (399),2460913.802914222,A.D. 2025-Aug-26 07:16:11.7888,0.9001915193694896,-0.4592719694785963,2.350777031530922e-05,0.007539245315834597,0.01526724337254179,-3.427432742797159e-07,0.005836633538593348,1.010581770093897,-0.0002226957295025046
40,Earth (399),2460913.804074222,A.D. 2025-Aug-26 07:17:52.0128,0.9002002647193793,-0.4592542593878493,2.350737269519737e-05,0.007538944151638576,0.01526739585234094,-3.428086760772673e-07,0.0058366320466046,1.010581511764053,-0.0002227005534704219
41,Earth (399),2460913.806558222,A.D. 2025-Aug-26 07:21:26.6304,0.9002189906556647,-0.4592163347710442,2.350652098437185e-05,0.007538299234640672,0.01526772234855653,-3.429488503683394e-07,0.005836628851582063,1.010580958563049,-0.0002227108823810122
42,Earth (399),2460913.807722222,A.D. 2025-Aug-26 07:23:07.2000,0.9002277650600958,-0.4591985630531735,2.350612175364666e-05,0.007537997022364538,0.01526787533457669,-3.430145941664524e-07,0.0058366273543466,1.010580699324765,-0.0002227157220131444
43,Earth (399),2460913.808886222,A.D. 2025-Aug-26 07:24:47.7696,0.9002365391127395,-0.4591807911572516,2.350572244637264e-05,0.007537694807029942,0.01526802831434831,-3.430803751402346e-07,0.005836625857078606,1.010580440080848,-0.0002227205613354426
44,Earth (399),2460913.810051222,A.D. 2025-Aug-26 07:26:28.4256,0.9002453203509982,-0.459163003815078,2.350532271942475e-05,0.007537392328997515,0.01526818141928947,-3.431462498400793e-07,0.005836624358491724,1.010580180608574,-0.0002227254045049724
45,Earth (399),2460913.813879222,A.D. 2025-Aug-26 07:31:59.1648,0.9002741715864905,-0.4591045562537774,2.350400874088149e-05,0.007536398413943276,0.01526868445308355,-3.433629654533903e-07,0.0058366194341502,1.010579327985269,-0.0002227413161839757
46,Earth (399),2460913.815043222,A.D. 2025-Aug-26 07:33:39.7344,0.9002829437783445,-0.4590867834160609,2.350360902797834e-05,0.007536096182432379,0.01526883739980396,-3.434289429618729e-07,0.005836617936710149,1.010579068711561,-0.0002227461538667112
47,Earth (399),2460913.816207222,A.D. 2025-Aug-26 07:35:20.3040,0.9002917156183995,-0.459069010400318,2.350320923825243e-05,0.007535793947863954,0.01526899034027585,-3.434949576070391e-07,0.005836616439237576,1.010578809432223,-0.0002227509912393315
48,Earth (399),2460913.817370222,A.D. 2025-Aug-26 07:37:00.7872,0.900300479571157,-0.4590512524757049,2.350280971525214e-05,0.007535491969893925,0.01526914314311504,-3.435609526261277e-07,0.005836614943019017,1.01057855037001,-0.0002227558241463811
49,Earth (399),2460913.818529222,A.D. 2025-Aug-26 07:38:40.9248,0.9003092130319597,-0.459033555450549,2.350241148997122e-05,0.007535191027504688,0.01526929541420156,-3.436267575349016e-07,0.005836613451914225,1.010578292193218,-0.0002227606401231601
50,Earth (399),2460913.819688222,A.D. 2025-Aug-26 07:40:21.0624,0.9003179461439584,-0.4590158582489355,2.350201318844028e-05,0.007534890082085097,0.01526944767909287,-3.436925992459054e-07,0.005836611960777201,1.010578034010846,-0.0002227654557923472
51,Earth (399),2460913.820848222,A.D. 2025-Aug-26 07:42:01.2864,0.900326686441751,-0.458998145601245,2.350161446678724e-05,0.007534588873971427,0.01526960006915726,-3.437585346111565e-07,0.005836610468321327,1.010577775600122,-0.0002227702753085324
52,Earth (399),2460913.822008222,A.D. 2025-Aug-26 07:43:41.5104,0.9003354263901512,-0.4589804327767645,2.350121566863517e-05,0.007534287662821861,0.01526975245301606,-3.438245068330119e-07,0.005836608975833165,1.010577517183807,-0.0002227750945165196
53,Earth (399),2460913.823173222,A.D. 2025-Aug-26 07:45:22.1664,0.9003442036590562,-0.4589626434260314,2.350081507444927e-05,0.007533985150293983,0.01526990548745558,-3.438908005090902e-07,0.00583660747687937,1.010577257648003,-0.0002227799341867017
54,Earth (399),2460913.824333222,A.D. 2025-Aug-26 07:47:02.3904,0.9003529429071333,-0.458944930247273,2.35004161228011e-05,0.007533683933060873,0.01527005785887604,-3.439568465836809e-07,0.005836605984326498,1.010576999220485,-0.0002227847527768158
55,Earth (399),2460920.807129222,A.D. 2025-Sep-02 07:22:15.9648,0.9465122141782898,-0.3493772407709379,1.85559903197496e-05,0.00567210440559541,0.01607456591370007,-1.175525258979557e-06,0.005827122570774879,1.008934997064592,-0.000245180718342902
56,Earth (399),2460920.808297222,A.D. 2025-Sep-02 07:23:56.8800,0.9465188390102619,-0.3493584656103494,1.855461720793033e-05,0.005671785958151456,0.01607468166972672,-1.175693551460779e-06,0.005827120916824943,1.008934710692037,-0.0002451832435531737
57,Earth (399),2460920.809464222,A.D. 2025-Sep-02 07:25:37.7088,0.9465254577988169,-0.3493397063893649,1.8553245075458e-05,0.005671467781312165,0.01607479732041041,-1.175861693019208e-06,0.005827119264274054,1.008934424561721,-0.0002451857661676029
58,Earth (399),2460920.810631222,A.D. 2025-Sep-02 07:27:18.5376,0.9465320762160657,-0.3493209470333976,1.85518727467577e-05,0.005671149602434722,0.01607491296486023,-1.176029827734672e-06,0.005827117611706159,1.008934138428459,-0.0002451882883483787
59,Earth (399),2460920.811795222,A.D. 2025-Sep-02 07:28:59.1072,0.946538677249497,-0.34930223576758,1.855050375042182e-05,0.005670832239468368,0.01607502830581348,-1.176197523396414e-06,0.005827115963369579,1.008933853027828,-0.0002451908036133906
60,Earth (399),2460920.815499222,A.D. 2025-Sep-02 07:34:19.1328,0.9465596801417734,-0.3492426931830609,1.854614612656586e-05,0.005669822335579702,0.01607539529452088,-1.176731107391928e-06,0.005827110718034846,1.008932944826272,-0.0002451988046442432
61,Earth (399),2460920.816666222,A.D. 2025-Sep-02 07:35:59.9616,0.9465662966387735,-0.3492239331292988,1.854477278328224e-05,0.005669504146166905,0.01607551090673286,-1.176899206549617e-06,0.005827109065379081,1.008932658677797,-0.0002452013245823034
62,Earth (399),2460920.817835222,A.D. 2025-Sep-02 07:37:40.9632,0.9465729241028208,-0.3492051407893557,1.854339688970728e-05,0.005669185409400049,0.01607562671083092,-1.177067586863949e-06,0.005827107409873975,1.008932372035974,-0.0002452038484042182
63,Earth (399),2460920.822572222,A.D. 2025-Sep-02 07:44:30.2400,0.9465997759749656,-0.3491289894342904,1.853781950462736e-05,0.005667893809299504,0.01607609590601005,-1.177749823299071e-06,0.005827100701292673,1.008931210481128,-0.0002452140709336876
64,Earth (399),2460913.831309375,A.D. 2025-Aug-26 07:57:05.1300,0.9004054927184227,-0.4588384007947603,2.349801523990796e-05,0.007531872371270575,0.015270974078255,-3.443548194701869e-07,0.005836597007545,1.010575444938949,-0.0002228137249108254
65,Earth (399),2460913.829743981,A.D. 2025-Aug-26 07:54:49.8800,0.900393702056056,-0.4588623057177041,2.349855422071218e-05,0.007532278880960696,0.01527076850540325,-3.442654016189503e-07,0.00583659902196536,1.010575793725023,-0.0002228072247639763
66,Earth (399),2460913.825022801,A.D. 2025-Aug-26 07:48:01.9700,0.9003581379133925,-0.4589344003093434,2.350017892401606e-05,0.007533504868701098,0.01527014843531981,-3.43996126083157e-07,0.005836605097041655,1.010576845591876,-0.0002227876171109662
67,Earth (399),2460913.823415393,A.D. 2025-Aug-26 07:45:43.0900,0.9003460281663989,-0.4589589454893597,2.350073179230753e-05,0.007533922265917062,0.0152699372982996,-3.439045857942208e-07,0.005836607165284223,1.010577203696976,-0.0002227809401813131
68,Earth (399),2460913.836240625,A.D. 2025-Aug-26 08:04:11.1900,0.9004426311065793,-0.4587630942072512,2.349631644490424e-05,0.007530591762008662,0.01527162159305946,-3.446369386477041e-07,0.005836590661401634,1.010574346138287,-0.0002228341977805363
69,Earth (399),2460913.861718171,A.D. 2025-Aug-26 08:40:52.4500,0.9006344078148812,-0.458373968160989,2.348751727633847e-05,0.007523974558360355,0.01527496522358235,-3.461051005900464e-07,0.005836557864455414,1.010568667523082,-0.0002229398829005799
70,Earth (399),2460913.860111343,A.D. 2025-Aug-26 08:38:33.6200,0.9006223177412616,-0.4583985122442166,2.348807333316025e-05,0.007524391938153182,0.01527475443452983,-3.4601198282511e-07,0.005836559933366511,1.010569025743933,-0.0002229332219165848
71,Earth (399),2460913.875556482,A.D. 2025-Aug-26 09:00:48.0800,0.9007385020362079,-0.4581625758958284,2.348272220369425e-05,0.00752037976484162,0.01527678008550565,-3.469099581976385e-07,0.005836540044047084,1.010565582015027,-0.000222997223930341
72,Earth (399),2460913.878664121,A.D. 2025-Aug-26 09:05:16.5800,0.9007618714063784,-0.4581151005468408,2.348164385094965e-05,0.0075195724307409,0.01527718752360108,-3.470914196918159e-07,0.005836536041527145,1.010564889000182,-0.0002230100948101576
73,Earth (399),2460913.877111111,A.D. 2025-Aug-26 09:03:02.4000,0.9007501931274734,-0.4581388260024317,2.348218281666325e-05,0.007519975890027736,0.01527698391634389,-3.470007034313989e-07,0.005836538041772505,1.010565235331931,-0.0002230036630042053
74,Earth (399),2460913.873954167,A.D. 2025-Aug-26 08:58:29.6400,0.9007264516868043,-0.4581870539385748,2.348327798776412e-05,0.007520796022028331,0.01527656999089337,-3.468164983141584e-07,0.00583654210767697,1.010565939321466,-0.0002229905867674069
75,Earth (399),2460913.872346065,A.D. 2025-Aug-26 08:56:10.7000,0.9007143571449024,-0.4582116200495113,2.348383562867858e-05,0.007521213776794077,0.01527635912558131,-3.4672277109539e-07,0.005836544178698251,1.010566297907684,-0.0002229839250380903
76,Earth (399),2460913.880223033,A.D. 2025-Aug-26 09:07:31.2700,0.900773593442671,-0.4580912845960303,2.348110269490352e-05,0.007519167432506672,0.01527739189355292,-3.471825466871554e-07,0.005836534033621108,1.010564541342029,-0.0002230165505029844
77,Earth (399),2460913.886674884,A.D. 2025-Aug-26 09:16:48.7100,0.9008221005896894,-0.4579927143985572,2.34788615062976e-05,0.007517491212740769,0.01527823759798753,-3.475603951506002e-07,0.005836525722904808,1.010563102386108,-0.0002230432626432192
78,Earth (399),2460913.889783218,A.D. 2025-Aug-26 09:21:17.2700,0.9008454662030767,-0.457945223910235,2.347778088921163e-05,0.007516683620542427,0.01527864496770755,-3.4774283617585e-07,0.005836521718663999,1.010562409073304,-0.000223056128422766
79,Earth (399),2460913.888229398,A.D. 2025-Aug-26 09:19:03.0200,0.9008337863202636,-0.4579689640076669,2.347832114788831e-05,0.007517087329141991,0.01527844133392458,-3.476516032550914e-07,0.005836523720365973,1.010562755657257,-0.00022304969724911
80,Earth (399),2460913.885072569,A.D. 2025-Aug-26 09:14:30.2700,0.9008100548686236,-0.4580171947767634,2.347941833214379e-05,0.007517907509979023,0.01527802758555299,-3.474664510980424e-07,0.005836527786960763,1.010563459766318,-0.0002230366295907604
81,Earth (399),2460913.891337037,A.D. 2025-Aug-26 09:23:31.5200,0.9008571454585954,-0.4579214834964015,2.347724048871791e-05,0.007516279906517949,0.01527884859035325,-3.4783413462801e-07,0.005836519716904311,1.010562062479358,-0.0002230625590387199
82,Earth (399),2460913.897782523,A.D. 2025-Aug-26 09:32:48.4100,0.9009055861391748,-0.4578230011681838,2.347499730648057e-05,0.007514605179678798,0.01527969313001792,-3.482135543462037e-07,0.005836511412675893,1.010560624646779,-0.000223089228282359
83,Earth (399),2460913.900891667,A.D. 2025-Aug-26 09:37:17.0400,0.9009289488692606,-0.4577754937761102,2.347391437549821e-05,0.007513797299398271,0.01528010044660206,-3.483969798588031e-07,0.005836507406566021,1.010559931010357,-0.0002231020894337979
84,Earth (399),2460913.899338426,A.D. 2025-Aug-26 09:35:02.8400,0.9009172778197415,-0.4577992272926097,2.347445544867039e-05,0.007514200896399876,0.01527989696825575,-3.483053128703524e-07,0.005836509407934816,1.010560277536622,-0.0002230956646433618
85,Earth (399),2460913.896180208,A.D. 2025-Aug-26 09:30:29.9700,0.9008935450424208,-0.4578474838786553,2.347555517853565e-05,0.007515021516903822,0.01527948319968469,-3.481191273043901e-07,0.005836513477157241,1.010560982100644,-0.0002230825993419398
86,Earth (399),2460913.894574421,A.D. 2025-Aug-26 09:28:11.2300,0.90088147718329,-0.4578720193057867,2.34761141078063e-05,0.007515438750547941,0.01527927280254946,-3.480245654910296e-07,0.005836515546050781,1.010561340318456,-0.0002230759554411242
87,Earth (399),2460913.902445486,A.D. 2025-Aug-26 09:39:31.2900,0.9009406236399273,-0.4577517511007872,2.34733729581551e-05,0.007513393546604559,0.0152803039896245,-3.48488746426258e-07,0.005836505404393892,1.010559584344999,-0.0002231085160596301
88,Earth (399),2460913.90889375,A.D. 2025-Aug-26 09:48:48.4200,0.9009890665818808,-0.4576532169452421,2.34711245813299e-05,0.007511717937143864,0.01528114856277845,-3.488702715229554e-07,0.005836497094875203,1.010558145596438,-0.0002231351802279453
89,Earth (399),2460913.910449768,A.D. 2025-Aug-26 09:51:02.8600,0.9010007546395127,-0.4576294390365447,2.347058166092531e-05,0.007511313584974987,0.01528135233642109,-3.489625052721072e-07,0.005836495089572051,1.01055779838896,-0.0002231416130670903
90,Earth (399),2460913.905686458,A.D. 2025-Aug-26 09:44:11.3100,0.9009649729749879,-0.4577022273720773,2.347224320538444e-05,0.007512551377522216,0.01528072850586397,-3.486803645900309e-07,0.005836501228057544,1.010558861234776,-0.0002231219189827579
91,Earth (399),2460913.913557407,A.D. 2025-Aug-26 09:55:31.3600,0.9010240958348917,-0.4575819494794298,2.346949692504399e-05,0.007510506007292498,0.0152817592743021,-3.491469082105667e-07,0.005836491084460806,1.010557104925445,-0.0002231544588845418
92,Earth (399),2460913.923116435,A.D. 2025-Aug-26 10:09:17.2600,0.9010958770972056,-0.4574358647363671,2.346615670315723e-05,0.007508021780559871,0.01528301072683813,-3.497157651408065e-07,0.005836478763383086,1.010554971596969,-0.0002231939583038271
93,Earth (399),2460913.92156169,A.D. 2025-Aug-26 10:07:02.9300,0.9010842037209879,-0.4574596257683411,2.346670035005357e-05,0.007508425846069553,0.01528280721078158,-3.496230741450827e-07,0.005836480767515556,1.01055531860175,-0.0002231875352917366
94,Earth (399),2460917.795088194,A.D. 2025-Aug-30 07:04:55.6200,0.9281979920853802,-0.3973239862638243,2.144023537711788e-05,0.006486081140965768,0.01575517979427743,-7.44827905445987e-07,0.005831322844751084,1.009662251959333,-0.0002372509857853183
95,Earth (399),2460917.793506134,A.D. 2025-Aug-30 07:02:38.9300,0.928187730379647,-0.3973489117650957,2.144141357205176e-05,0.006486504635957525,0.01575500103554844,-7.446159644203229e-07,0.005831325012542627,1.009662627300803,-0.0002372460955523807
96,Earth (399),2460917.799789467,A.D. 2025-Aug-30 07:11:41.8100,0.9282284819662421,-0.3972499156115821,2.143673225694943e-05,0.006484822650496679,0.01575571092801071,-7.45457872793911e-07,0.00583131640264645,1.009661136543492,-0.0002372655133208261
97,Earth (399),2460917.79820868,A.D. 2025-Aug-30 07:09:25.2300,0.9282182305081952,-0.3972748218940151,2.143791049962049e-05,0.0064852458180541,0.01575553234751528,-7.45246021673739e-07,0.005831318568826145,1.00966151160588,-0.0002372606292134325
98,Earth (399),2460917.804820023,A.D. 2025-Aug-30 07:18:56.4500,0.9282611008396049,-0.3971706542031379,2.143298049364663e-05,0.006483475969930653,0.01575627914972217,-7.46132229003881e-07,0.005831309508892872,1.009659942927061,-0.0002372810511673486
99,Earth (399),2460917.80323669,A.D. 2025-Aug-30 07:16:39.6500,0.9282508350004212,-0.3971956015035647,2.143416170162624e-05,0.006483899833436902,0.01575610031840476,-7.459199504096811e-07,0.005831311678703863,1.009660318618188,-0.0002372761615395843
100,Earth (399),2460917.878918982,A.D. 2025-Aug-30 09:05:38.6000,0.9287407845964398,-0.3960028205805642,2.137732405366614e-05,0.006463634402485415,0.01576463536875499,-7.560967393561116e-07,0.005831207913273679,1.009642352190895,-0.0002375090553454141
101,Earth (399),2460917.877216666,A.D. 2025-Aug-30 09:03:11.5200,0.9287297810677568,-0.3960296567897567,2.13786109728943e-05,0.006464090343850541,0.01576444368188657,-7.558671667526764e-07,0.005831210248377775,1.009642756501635,-0.0002375038354781408
102,Earth (399),2460917.880447685,A.D. 2025-Aug-30 09:07:50.6800,0.9287506652653239,-0.3959787209925361,2.137616804818196e-05,0.006463224956022943,0.01576480749495596,-7.563029247959739e-07,0.005831205816272178,1.00964198910634,-0.0002375137421330603
103,Earth (399),2460917.885138773,A.D. 2025-Aug-30 09:14:35.9900,0.928780981875002,-0.3959047656550522,2.137261868026676e-05,0.00646196847362795,0.01576533562608041,-7.569357926206665e-07,0.00583119938100724,1.009640874874757,-0.0002375281200284049
104,Earth (399),2460917.883557755,A.D. 2025-Aug-30 09:12:19.3900,0.9287707650484186,-0.3959296908019367,2.137381524119302e-05,0.006462391945238729,0.01576515764354101,-7.567224740136296e-07,0.005831201549902233,1.009641250407283,-0.0002375232750307838
105,Earth (399),2460917.888248148,A.D. 2025-Aug-30 09:19:04.6400,0.9288010732634048,-0.3958557447704374,2.137026443072826e-05,0.006461135622744511,0.015765685629026,-7.573554005760026e-07,0.005831195115331788,1.009640136295947,-0.0002375376464864844
106,Earth (399),2460917.886667246,A.D. 2025-Aug-30 09:16:48.0500,0.928790858501432,-0.3958806686459913,2.13714615673645e-05,0.006461559072150758,0.01576550768225055,-7.571420462511459e-07,0.005831197284154993,1.009640511816044,-0.0002375328032965944
107,Earth (399),2460917.894466667,A.D. 2025-Aug-30 09:28:01.9200,0.9288412467758919,-0.3957577033863069,2.136555219216361e-05,0.006459469931092135,0.01576638547472713,-7.58194887678441e-07,0.005831186583785368,1.009638659104476,-0.0002375566901194364
108,Earth (399),2460917.892885417,A.D. 2025-Aug-30 09:25:45.3000,0.9288310324041854,-0.3957826338426572,2.136675091899352e-05,0.006459893491092951,0.01576620753434321,-7.579813840209856e-07,0.005831188753258848,1.009639034737165,-0.0002375518487727608
109,Earth (399),2460920.830718634,A.D. 2025-Sep-02 07:56:14.0900,0.9466459399255919,-0.3489980236472149,1.852822029119088e-05,0.0056656725134953,0.01607690255990094,-1.178922824650197e-06,0.005827089163618176,1.008929212794715,-0.0002452316343224109
110,Earth (399),2460920.827060417,A.D. 2025-Sep-02 07:50:58.0200,0.9466252118381753,-0.3490568357925239,1.853253208401062e-05,0.00566667001807919,0.01607654036248834,-1.178396120286379e-06,0.005827094344814064,1.008930109890974,-0.0002452237499435181
111,Earth (399),2460920.823323843,A.D. 2025-Sep-02 07:45:35.1800,0.9466040360023867,-0.3491169062851682,1.853693424317561e-05,0.005667688867869436,0.0160761703438254,-1.177858063318995e-06,0.005827099636815552,1.008931026172628,-0.0002452156922868117
112,Earth (399),2460920.837954167,A.D. 2025-Sep-02 08:06:39.2400,0.9466869269448374,-0.3488816961065322,1.851968638860992e-05,0.005663699505607737,0.01607761876422567,-1.179964381469616e-06,0.005827078915320025,1.008927438356896,-0.0002452472161625565
113,Earth (399),2460920.834338194,A.D. 2025-Sep-02 08:01:26.8200,0.9466664453820284,-0.3489398316823247,1.852395216606863e-05,0.005664685530139499,0.01607726086958998,-1.179443895218644e-06,0.005827084037009525,1.008928325149944,-0.0002452394311900926
114,Earth (399),2460920.863708102,A.D. 2025-Sep-02 08:43:44.3800,0.9468326990581449,-0.3484676013470391,1.848924994499548e-05,0.005656676206762393,0.01608016605615142,-1.18366943946805e-06,0.005827042432561655,1.0089211215631,-0.0002453025423871263
115,Earth (399),2460920.86005,A.D. 2025-Sep-02 08:38:28.3200,0.9468120045356769,-0.3485264235708289,1.849357896620828e-05,0.005657673859951186,0.01607980442247182,-1.183143385616885e-06,0.005827047615092131,1.008922018890436,-0.0002452946966959294
116,Earth (399),2460920.856434606,A.D. 2025-Sep-02 08:33:15.9500,0.9467915480359039,-0.3485845577453353,1.849785555518107e-05,0.005658659845929395,0.01607944695069918,-1.182623403167223e-06,0.005827052736953661,1.008922905713268,-0.0002452869384147776
117,Earth (399),2460920.87459375,A.D. 2025-Sep-02 08:59:24.9000,0.9468942594859863,-0.3482925524614495,1.847635641743162e-05,0.005653707308197589,0.01608124183045941,-1.185234425507258e-06,0.005827027009593613,1.008918451158963,-0.0002453258640961155
118,Earth (399),2460920.870936111,A.D. 2025-Sep-02 08:54:08.8800,0.9468735784418594,-0.3483513711760195,1.848069061542732e-05,0.005654704894486991,0.01608088042473665,-1.184708652874292e-06,0.005827032191961007,1.008919348458062,-0.0002453180320820752
119,Earth (399),2460920.867321181,A.D. 2025-Sep-02 08:48:56.5500,0.9468531352943316,-0.3484095017963435,1.848497231556617e-05,0.005655690812891024,0.01608052317881332,-1.184188948251099e-06,0.005827037313654007,1.008920235251715,-0.0002453102873307335
120,Earth (399),2460857.846703357,A.D. 2025-Jul-01 08:19:15.1700,0.1662764001778804,-1.00293923367603,5.886332023052134e-05,0.01669507061569667,0.002755755510687868,3.571051286340877e-07,0.005871560640170133,1.016629210266785,1.194235174786396e-05
121,Earth (399),2460857.855384375,A.D. 2025-Jul-01 08:31:45.2100,0.1664213285717344,-1.002915300261517,5.88664194284475e-05,0.01669465048042511,0.002758209100358579,3.569116041833903e-07,0.005871561237815729,1.016629313745912,1.189797084294092e-05
122,Earth (399),2460857.861900926,A.D. 2025-Jul-01 08:41:08.2400,0.1665301190835245,-1.002897320250423,5.886874478371518e-05,0.01669433486587588,0.002760050872653342,3.567648677298685e-07,0.005871561684986493,1.01662939117113,1.186466809116217e-05
